{"sidebar-blog":{"search-2":{"title":""},"woocommerce_product_categories-3":{"title":"Categories","orderby":"name","dropdown":0,"count":1,"hierarchical":0,"show_children_only":0,"hide_empty":0,"max_depth":""},"recent-posts-2":{"title":"Recent Posts","number":3,"show_date":true},"tag_cloud-2":{"title":"Popular tags","count":0,"taxonomy":"post_tag"},"text-3":{"title":"","text":"[elementor-template id=\"1719\"]","filter":true,"visual":true}},"sidebar-single":{"search-3":{"title":""},"woocommerce_product_categories-4":{"title":"Categories","orderby":"name","dropdown":0,"count":1,"hierarchical":0,"show_children_only":0,"hide_empty":0,"max_depth":""},"recent-posts-3":{"title":"Recent Posts","number":3,"show_date":true},"tag_cloud-3":{"title":"Popular tags","count":0,"taxonomy":"post_tag"},"text-5":{"title":"","text":"[elementor-template id=\"1719\"]","filter":true,"visual":true}},"sidebar-woocommerce-shop":{"woocommerce_product_categories-2":{"title":"Categories","orderby":"name","dropdown":0,"count":1,"hierarchical":0,"show_children_only":0,"hide_empty":0,"max_depth":""},"woocommerce_product_search-2":{"title":""},"woocommerce_price_filter-2":{"title":"Filter by price"},"poco_woocommerce_layered_nav-2":{"title":"Filter by size","attribute":"size","query_type":"and"},"woocommerce_products-2":{"title":"Best Deals","number":3,"show":"","orderby":"date","order":"desc","hide_free":0,"show_hidden":0}}}